EventId,EventTemplate,Occurrences
7785b392,"10.11.10.1 <*> <*> HTTP/1.1"" status <*> len <*> time <*>",9374
ec257c96,[instance 3edec1e4-9678-4a3a-a21b-a145a4ee5e61] Creating image,1
7f86987c,[instance <*> VM <*> (Lifecycle Event),985
d02f2747,While synchronizing instance power states found 1 instances in the database and 0 instances on the hypervisor.,4
c6e8735d,[instance 3edec1e4-9678-4a3a-a21b-a145a4ee5e61] <*> <*> <*> instance <*>,6
74b96020,image 0673dd71-34c5-4fbb-86c4-40623fbe45b4 at (/var/lib/nova/instances/_base/a489c868f0c37da93b76227c91bb03908ac0e742) checking,766
3a49fff4,image 0673dd71-34c5-4fbb-86c4-40623fbe45b4 at (/var/lib/nova/instances/_base/a489c868f0c37da93b76227c91bb03908ac0e742) in use on this node 1 local 0 on other nodes sharing this instance storage,766
62689c28,<*> base <*> /var/lib/nova/instances/_base/a489c868f0c37da93b76227c91bb03908ac0e742,1502
b20bcab5,Creating event network-vif-plugged <*> for instance <*>,196
2192a99f,[instance 3edec1e4-9678-4a3a-a21b-a145a4ee5e61] Instance <*> successfully.,2
67e60093,[instance 3edec1e4-9678-4a3a-a21b-a145a4ee5e61] Took <*> seconds to <*>,3
c2635256,[instance 3edec1e4-9678-4a3a-a21b-a145a4ee5e61] Deletion of /var/lib/nova/instances/3edec1e4-9678-4a3a-a21b-a145a4ee5e61_del complete,1
829a8040,HTTP exception thrown No instances found for any event,196
07df6e99,[instance <*> Attempting claim memory 2048 MB disk 20 GB vcpus 1 CPU,196
e9c071e0,[instance 3416d0fa-6f0f-41ce-9c0a-59ae9a735da8] <*>,8
71816979,[instance <*> memory limit 96258.00 MB free 95746.00 MB,196
a35534bf,[instance 3416d0fa-6f0f-41ce-9c0a-59ae9a735da8] Total <*> <*> <*> used 0.00 <*>,2
291524ee,[instance <*> <*> limit not specified defaulting to unlimited,392
bc0f0d5b,Auditing locally available compute resources for node cp-1.slowvm1.tcloud-pg0.utah.cloudlab.us,135
be0842b0,Total usable vcpus 16 total allocated vcpus <*>,135
bcb9b1eb,Final resource view name cp-1.slowvm1.tcloud-pg0.utah.cloudlab.us phys_ram 64172MB used_ram <*> phys_disk 15GB used_disk <*> total_vcpus 16 used_vcpus <*> pci_stats [],135
2c51bf5c,Compute_service record updated for cp-1.slowvm1.tcloud-pg0.utah.cloudlab.us cp-1.slowvm1.tcloud-pg0.utah.cloudlab.us,135
b446aee1,[instance <*> During sync_power_state the instance has a pending task (spawning). Skip.,384
eddae1d1,[instance 3416d0fa-6f0f-41ce-9c0a-59ae9a735da8] Took <*> seconds to <*>,4
06ae78c9,[instance 874ffb7b-49b3-4c6d-a2e9-35bf272650b1] <*>,8
8df9d973,[instance 874ffb7b-49b3-4c6d-a2e9-35bf272650b1] Total <*> <*> <*> used 0.00 <*>,2
bc76525f,[instance 874ffb7b-49b3-4c6d-a2e9-35bf272650b1] Took <*> seconds to <*>,4
9be245ad,Successfully synced instances from host 'cp-1.slowvm1.tcloud-pg0.utah.cloudlab.us'.,38
93ee8a85,[instance 748f18b4-88e3-4b60-822a-f2b25fac50b2] <*>,8
f96a8b05,[instance 748f18b4-88e3-4b60-822a-f2b25fac50b2] Total <*> <*> <*> used 0.00 <*>,2
44bfd23e,[instance 748f18b4-88e3-4b60-822a-f2b25fac50b2] Took <*> seconds to <*>,4
6ba58220,[instance 20ae04a8-169b-43fc-87cc-52cdf2fa77d3] <*>,8
4b10b550,[instance 20ae04a8-169b-43fc-87cc-52cdf2fa77d3] Total <*> <*> <*> used 0.00 <*>,2
19197b23,[instance 20ae04a8-169b-43fc-87cc-52cdf2fa77d3] Took <*> seconds to <*>,4
220aa30b,[instance e15ce82b-f229-4c22-9fc3-8d30dd349cf6] <*>,8
c9f99cf6,[instance e15ce82b-f229-4c22-9fc3-8d30dd349cf6] Total <*> <*> <*> used 0.00 <*>,2
9f12feda,The instance sync for host 'cp-1.slowvm1.tcloud-pg0.utah.cloudlab.us' did not match. Re-created its InstanceList.,29
efafa952,[instance e15ce82b-f229-4c22-9fc3-8d30dd349cf6] Took <*> seconds to <*>,4
3a36f01f,[instance 3475e6b6-0bc7-4218-84e2-e17ba43e6e0d] <*>,8
85c5f047,[instance 3475e6b6-0bc7-4218-84e2-e17ba43e6e0d] Total <*> <*> <*> used 0.00 <*>,2
eb21de15,[instance 3475e6b6-0bc7-4218-84e2-e17ba43e6e0d] Took <*> seconds to <*>,4
d4862c3b,[instance 2e8c8c4a-823f-4d79-bb72-996b528cbca4] <*>,8
364f21ff,[instance 2e8c8c4a-823f-4d79-bb72-996b528cbca4] Total <*> <*> <*> used 0.00 <*>,2
b8bd55cd,[instance 2e8c8c4a-823f-4d79-bb72-996b528cbca4] Took <*> seconds to <*>,4
f56bb9ec,[instance 5683e2e2-d5e0-48b8-9f30-a2216254e851] <*>,8
62b281ce,[instance 5683e2e2-d5e0-48b8-9f30-a2216254e851] Total <*> <*> <*> used 0.00 <*>,2
4d082772,[instance 5683e2e2-d5e0-48b8-9f30-a2216254e851] Took <*> seconds to <*>,4
25afbc9d,"10.11.10.2 ""GET <*> <*> <*> <*> HTTP/1.1"" status 200 len <*> time <*>",42
98611585,[instance 53a49cc8-0870-47f1-a33c-8bdb40a4a5fa] <*>,8
b3310f53,[instance 53a49cc8-0870-47f1-a33c-8bdb40a4a5fa] Total <*> <*> <*> used 0.00 <*>,2
36477b44,[instance 53a49cc8-0870-47f1-a33c-8bdb40a4a5fa] Took <*> seconds to <*>,4
f73d6af8,Base or swap file too young to remove /var/lib/nova/instances/_base/a489c868f0c37da93b76227c91bb03908ac0e742,74
4d6d60c6,[instance ff591e5e-e6f2-4a41-84c4-99d889344f20] <*>,8
a1760ca6,[instance ff591e5e-e6f2-4a41-84c4-99d889344f20] Total <*> <*> <*> used 0.00 <*>,2
c5a63adb,[instance ff591e5e-e6f2-4a41-84c4-99d889344f20] Took <*> seconds to <*>,4
0d3ed273,[instance 5f70629e-2759-4e41-b89d-25a1f4d16399] <*>,8
842ba4fd,[instance 5f70629e-2759-4e41-b89d-25a1f4d16399] Total <*> <*> <*> used 0.00 <*>,2
6365f8c6,[instance 5f70629e-2759-4e41-b89d-25a1f4d16399] Took <*> seconds to <*>,4
af2e7621,[instance 4e05e0e0-9ec3-4beb-a6f4-4e071884ec98] <*>,8
8fa512ee,[instance 4e05e0e0-9ec3-4beb-a6f4-4e071884ec98] Total <*> <*> <*> used 0.00 <*>,2
1e910dcb,[instance 4e05e0e0-9ec3-4beb-a6f4-4e071884ec98] Took <*> seconds to <*>,4
e176466e,[instance df31d190-68af-4d8c-92d7-78034acae031] <*>,8
3719b759,[instance df31d190-68af-4d8c-92d7-78034acae031] Total <*> <*> <*> used 0.00 <*>,2
b7864991,[instance df31d190-68af-4d8c-92d7-78034acae031] Took <*> seconds to <*>,4
87a44a08,[instance 993aa6ff-b8e2-4966-a785-4e5f0fe28ce9] <*>,8
a86f146f,[instance 993aa6ff-b8e2-4966-a785-4e5f0fe28ce9] Total <*> <*> <*> used 0.00 <*>,2
9f79ff75,[instance 993aa6ff-b8e2-4966-a785-4e5f0fe28ce9] Took <*> seconds to <*>,4
6b5c3110,[instance af9d460c-89bf-4b71-b362-0b10adc2ff37] <*>,8
0bec5b9d,[instance af9d460c-89bf-4b71-b362-0b10adc2ff37] Total <*> <*> <*> used 0.00 <*>,2
e7722023,[instance af9d460c-89bf-4b71-b362-0b10adc2ff37] Took <*> seconds to <*>,4
5f6c8e73,[instance f14b2b2f-4cc2-450a-8314-ab3b6f6f30a0] <*>,8
c26ab936,[instance f14b2b2f-4cc2-450a-8314-ab3b6f6f30a0] Total <*> <*> <*> used 0.00 <*>,2
25e106ef,[instance f14b2b2f-4cc2-450a-8314-ab3b6f6f30a0] Took <*> seconds to <*>,4
f46caf6b,[instance b93203d4-c79b-41fe-8090-5f2b89b0d081] <*>,8
4f6ecb5d,[instance b93203d4-c79b-41fe-8090-5f2b89b0d081] Total <*> <*> <*> used 0.00 <*>,2
34a22921,couldn't obtain the vcpu count from domain id b93203d4-c79b-41fe-8090-5f2b89b0d081 exception Requested operation is not valid cpu affinity is not supported,1
9d3c6cc2,[instance b93203d4-c79b-41fe-8090-5f2b89b0d081] Took <*> seconds to <*>,4
92c5b8f2,[instance a642a091-0eba-48db-b4aa-51f1453995d1] <*>,8
4f6c6220,[instance a642a091-0eba-48db-b4aa-51f1453995d1] Total <*> <*> <*> used 0.00 <*>,2
bc1c0c66,[instance a642a091-0eba-48db-b4aa-51f1453995d1] Took <*> seconds to <*>,4
85857293,[instance d3c2c16b-f0f8-4a6c-80e9-7d293ebe4f68] <*>,8
ab9403dd,[instance d3c2c16b-f0f8-4a6c-80e9-7d293ebe4f68] Total <*> <*> <*> used 0.00 <*>,2
524f589e,[instance d3c2c16b-f0f8-4a6c-80e9-7d293ebe4f68] Took <*> seconds to <*>,4
ca364912,[instance 8233d344-744a-47b0-84ba-b768fed29b35] <*>,8
0583e20f,[instance 8233d344-744a-47b0-84ba-b768fed29b35] Total <*> <*> <*> used 0.00 <*>,2
222267f5,[instance 8233d344-744a-47b0-84ba-b768fed29b35] Took <*> seconds to <*>,4
f6872e37,[instance 45508f66-530a-4ee4-ab8b-ea6677246cb5] <*>,8
2d5de451,[instance 45508f66-530a-4ee4-ab8b-ea6677246cb5] Total <*> <*> <*> used 0.00 <*>,2
ed60d95f,[instance 45508f66-530a-4ee4-ab8b-ea6677246cb5] Took <*> seconds to <*>,4
87aa507c,[instance 969dbe7f-36a6-422b-988b-31f9e0ccd93d] <*>,8
d1c79438,[instance 969dbe7f-36a6-422b-988b-31f9e0ccd93d] Total <*> <*> <*> used 0.00 <*>,2
58ccad5a,[instance 969dbe7f-36a6-422b-988b-31f9e0ccd93d] Took <*> seconds to <*>,4
7afcbef5,[instance cdd59e0a-ebc8-42d0-a603-98f17f713ed7] <*>,8
55ba4652,[instance cdd59e0a-ebc8-42d0-a603-98f17f713ed7] Total <*> <*> <*> used 0.00 <*>,2
e2dd58c2,[instance cdd59e0a-ebc8-42d0-a603-98f17f713ed7] Took <*> seconds to <*>,4
44ee0c95,[instance f6a24803-281d-49f6-8c29-c14e71fd0650] <*>,8
68ec9490,[instance f6a24803-281d-49f6-8c29-c14e71fd0650] Total <*> <*> <*> used 0.00 <*>,2
54f5434c,[instance f6a24803-281d-49f6-8c29-c14e71fd0650] Took <*> seconds to <*>,4
000b17ad,[instance 636b44eb-4c54-4438-90a6-68a156f33b6d] <*>,8
e9f90319,[instance 636b44eb-4c54-4438-90a6-68a156f33b6d] Total <*> <*> <*> used 0.00 <*>,2
1113f57c,[instance 636b44eb-4c54-4438-90a6-68a156f33b6d] Took <*> seconds to <*>,4
2a4df83d,[instance 4ed2be21-dd2b-4d7f-aaab-6461150f9907] <*>,8
c92f509f,[instance 4ed2be21-dd2b-4d7f-aaab-6461150f9907] Total <*> <*> <*> used 0.00 <*>,2
13288b0f,[instance 4ed2be21-dd2b-4d7f-aaab-6461150f9907] Took <*> seconds to <*>,4
41496b0f,[instance fac7db77-5f4b-46dd-b3ad-6f54fd90a6cf] <*>,8
ad85eaf2,[instance fac7db77-5f4b-46dd-b3ad-6f54fd90a6cf] Total <*> <*> <*> used 0.00 <*>,2
eb070be5,[instance fac7db77-5f4b-46dd-b3ad-6f54fd90a6cf] Took <*> seconds to <*>,4
44480e7f,[instance 2d33540d-2191-4695-9d6a-aa745ef9a1a9] <*>,8
7d4ed9de,[instance 2d33540d-2191-4695-9d6a-aa745ef9a1a9] Total <*> <*> <*> used 0.00 <*>,2
203d4b02,[instance 2d33540d-2191-4695-9d6a-aa745ef9a1a9] Took <*> seconds to <*>,4
b3ad1a6a,[instance 4d59535f-5fef-48ed-a2fe-557fea4e22b0] <*>,8
23739ed5,[instance 4d59535f-5fef-48ed-a2fe-557fea4e22b0] Total <*> <*> <*> used 0.00 <*>,2
eb4aa6aa,[instance 4d59535f-5fef-48ed-a2fe-557fea4e22b0] Took <*> seconds to <*>,4
c6a9ae86,[instance df20656c-8ea7-4f5c-949d-23e71f5f06bd] <*>,8
5549a58b,[instance df20656c-8ea7-4f5c-949d-23e71f5f06bd] Total <*> <*> <*> used 0.00 <*>,2
a0586d78,Running instance usage audit for host cp-1.slowvm1.tcloud-pg0.utah.cloudlab.us from 2017-05-15 <*> 00 00 to 2017-05-15 <*> 00 00. <*> instances.,2
e28d61b0,[instance df20656c-8ea7-4f5c-949d-23e71f5f06bd] Took <*> seconds to <*>,4
d50c9757,[instance 56bbbaa6-d1d1-4243-bca0-be9371daceed] <*>,8
f3676f4b,[instance 56bbbaa6-d1d1-4243-bca0-be9371daceed] Total <*> <*> <*> used 0.00 <*>,2
937070ca,[instance 56bbbaa6-d1d1-4243-bca0-be9371daceed] Took <*> seconds to <*>,4
8e5a6de9,[instance b043f927-338a-4816-bfe2-84ba3d56ecc3] <*>,8
45c9de4e,[instance b043f927-338a-4816-bfe2-84ba3d56ecc3] Total <*> <*> <*> used 0.00 <*>,2
55faed8a,[instance b043f927-338a-4816-bfe2-84ba3d56ecc3] Took <*> seconds to <*>,4
257c36d2,[instance e1ca809f-1e8e-41d6-a515-a153b9773d3e] <*>,8
1d8945ce,[instance e1ca809f-1e8e-41d6-a515-a153b9773d3e] Total <*> <*> <*> used 0.00 <*>,2
0dce6f5d,[instance e1ca809f-1e8e-41d6-a515-a153b9773d3e] Took <*> seconds to <*>,4
dcbb42da,[instance 53edb4bd-93dd-4237-8c64-ba8d8f5e3b34] <*>,8
b585c90a,[instance 53edb4bd-93dd-4237-8c64-ba8d8f5e3b34] Total <*> <*> <*> used 0.00 <*>,2
9cce148f,[instance 53edb4bd-93dd-4237-8c64-ba8d8f5e3b34] Took <*> seconds to <*>,4
7bbbf832,[instance d17dcb59-d2df-443d-9acf-bea2de2e96cf] <*>,8
b5b9e3fe,[instance d17dcb59-d2df-443d-9acf-bea2de2e96cf] Total <*> <*> <*> used 0.00 <*>,2
c4242954,[instance d17dcb59-d2df-443d-9acf-bea2de2e96cf] Took <*> seconds to <*>,4
0f2a5438,[instance 1b403aac-3d6e-49de-aacf-4548fb97f58d] <*>,8
9a482dba,[instance 1b403aac-3d6e-49de-aacf-4548fb97f58d] Total <*> <*> <*> used 0.00 <*>,2
dafb6e17,[instance 1b403aac-3d6e-49de-aacf-4548fb97f58d] Took <*> seconds to <*>,4
ea490fd2,[instance 1d53a142-ce58-4cb2-be87-8d46966e5f99] <*>,8
77260ddd,[instance 1d53a142-ce58-4cb2-be87-8d46966e5f99] Total <*> <*> <*> used 0.00 <*>,2
c7956f49,[instance 1d53a142-ce58-4cb2-be87-8d46966e5f99] Took <*> seconds to <*>,4
00e021c5,[instance 1aae3f11-e850-4550-9e8e-740db282d538] <*>,8
6244778f,[instance 1aae3f11-e850-4550-9e8e-740db282d538] Total <*> <*> <*> used 0.00 <*>,2
ad99b942,[instance 1aae3f11-e850-4550-9e8e-740db282d538] Took <*> seconds to <*>,4
96c06d80,[instance 45d54c78-36c7-4a4b-b402-3daa54d446b1] <*>,8
6c513d95,[instance 45d54c78-36c7-4a4b-b402-3daa54d446b1] Total <*> <*> <*> used 0.00 <*>,2
f2831178,[instance 45d54c78-36c7-4a4b-b402-3daa54d446b1] Took <*> seconds to <*>,4
9dd94900,[instance fc1e0afa-e01f-4892-85f5-83742a69a416] <*>,8
f6b10b05,[instance fc1e0afa-e01f-4892-85f5-83742a69a416] Total <*> <*> <*> used 0.00 <*>,2
bdd7beb0,[instance fc1e0afa-e01f-4892-85f5-83742a69a416] Took <*> seconds to <*>,4
6d4ddc05,[instance aa70b8f3-122f-49f9-9d88-efcdbbd1a9d2] <*>,8
6c727f11,[instance aa70b8f3-122f-49f9-9d88-efcdbbd1a9d2] Total <*> <*> <*> used 0.00 <*>,2
0c28839b,[instance aa70b8f3-122f-49f9-9d88-efcdbbd1a9d2] Took <*> seconds to <*>,4
822102d1,[instance 4ad93dba-0941-4a90-9eb0-7b51ce5288cd] <*>,8
5ffa3ba9,[instance 4ad93dba-0941-4a90-9eb0-7b51ce5288cd] Total <*> <*> <*> used 0.00 <*>,2
0adfb253,[instance 4ad93dba-0941-4a90-9eb0-7b51ce5288cd] Took <*> seconds to <*>,4
8c47c985,[instance f96a82ca-483e-437a-adfd-8f9054497337] <*>,8
a3986c4a,[instance f96a82ca-483e-437a-adfd-8f9054497337] Total <*> <*> <*> used 0.00 <*>,2
2b2369f3,[instance f96a82ca-483e-437a-adfd-8f9054497337] Took <*> seconds to <*>,4
b321655f,[instance be0c740e-1556-479b-b78a-8e0e9e71ebd6] <*>,8
d61546a7,[instance be0c740e-1556-479b-b78a-8e0e9e71ebd6] Total <*> <*> <*> used 0.00 <*>,2
8a03b123,[instance be0c740e-1556-479b-b78a-8e0e9e71ebd6] Took <*> seconds to <*>,4
ba7bfba8,[instance 7953dc44-3e59-4a77-86a6-333ad03f4efa] <*>,8
8bee2e42,[instance 7953dc44-3e59-4a77-86a6-333ad03f4efa] Total <*> <*> <*> used 0.00 <*>,2
33ebdbd3,[instance 7953dc44-3e59-4a77-86a6-333ad03f4efa] Took <*> seconds to <*>,4
1637c7d0,[instance f6a102cb-e269-4fa8-860f-19a3d13d60f5] <*>,8
333d3d48,[instance f6a102cb-e269-4fa8-860f-19a3d13d60f5] Total <*> <*> <*> used 0.00 <*>,2
a1bd5df4,[instance f6a102cb-e269-4fa8-860f-19a3d13d60f5] Took <*> seconds to <*>,4
42bb703c,[instance 942d95b2-843b-4199-9d3d-a68dfeba5780] <*>,8
184708a5,[instance 942d95b2-843b-4199-9d3d-a68dfeba5780] Total <*> <*> <*> used 0.00 <*>,2
a51e3e07,[instance 942d95b2-843b-4199-9d3d-a68dfeba5780] Took <*> seconds to <*>,4
e5d937dc,[instance 39a1204b-e3ea-4544-bffe-c61289a5d039] <*>,8
cf484996,[instance 39a1204b-e3ea-4544-bffe-c61289a5d039] Total <*> <*> <*> used 0.00 <*>,2
7a883783,[instance 39a1204b-e3ea-4544-bffe-c61289a5d039] Took <*> seconds to <*>,4
cc7e7c91,[instance c2e493b9-a0f5-4a51-8a5e-90a38c78ab05] <*>,8
ce19fbcb,[instance c2e493b9-a0f5-4a51-8a5e-90a38c78ab05] Total <*> <*> <*> used 0.00 <*>,2
84888e0d,[instance c2e493b9-a0f5-4a51-8a5e-90a38c78ab05] Took <*> seconds to <*>,4
f1ae57e2,[instance 165779d5-2169-453e-a112-7ea28fd4ad07] <*>,8
c98ab44c,[instance 165779d5-2169-453e-a112-7ea28fd4ad07] Total <*> <*> <*> used 0.00 <*>,2
7746c904,[instance 165779d5-2169-453e-a112-7ea28fd4ad07] Took <*> seconds to <*>,4
5b668372,[instance bbac58ce-003a-4a2b-9558-bc1b9d791fd9] <*>,8
7c5b79a4,[instance bbac58ce-003a-4a2b-9558-bc1b9d791fd9] Total <*> <*> <*> used 0.00 <*>,2
eeba8914,[instance bbac58ce-003a-4a2b-9558-bc1b9d791fd9] Took <*> seconds to <*>,4
78c358f8,[instance f71335e9-ba7c-4aaf-a694-5fb8f4b0971c] <*>,8
cae6f938,[instance f71335e9-ba7c-4aaf-a694-5fb8f4b0971c] Total <*> <*> <*> used 0.00 <*>,2
c0697344,[instance f71335e9-ba7c-4aaf-a694-5fb8f4b0971c] Took <*> seconds to <*>,4
12e44706,[instance 8b38fb89-c7eb-4f8d-8f9a-a7b77e80a5df] <*>,8
4d36ed93,[instance 8b38fb89-c7eb-4f8d-8f9a-a7b77e80a5df] Total <*> <*> <*> used 0.00 <*>,2
7e95a29e,[instance 8b38fb89-c7eb-4f8d-8f9a-a7b77e80a5df] Took <*> seconds to <*>,4
91006d50,[instance edf32284-d52c-4326-a2d6-47d829ed6aea] <*>,8
c739ab8c,[instance edf32284-d52c-4326-a2d6-47d829ed6aea] Total <*> <*> <*> used 0.00 <*>,2
14d00845,[instance edf32284-d52c-4326-a2d6-47d829ed6aea] Took <*> seconds to <*>,4
12770ad4,[instance 62e51fb2-fadc-4d93-8d22-ac63e63fda25] <*>,8
4dcd9f73,[instance 62e51fb2-fadc-4d93-8d22-ac63e63fda25] Total <*> <*> <*> used 0.00 <*>,2
7ea3cd9d,[instance 62e51fb2-fadc-4d93-8d22-ac63e63fda25] Took <*> seconds to <*>,4
5d9aec64,[instance 74f52824-28d7-4056-8dd4-a102870729ff] <*>,8
1825ccd1,[instance 74f52824-28d7-4056-8dd4-a102870729ff] Total <*> <*> <*> used 0.00 <*>,2
cf4c1b67,[instance 74f52824-28d7-4056-8dd4-a102870729ff] Took <*> seconds to <*>,4
6343f2a6,[instance 4a903015-9dfa-43a8-bcc0-50e78262364c] <*>,8
ab4c570b,[instance 4a903015-9dfa-43a8-bcc0-50e78262364c] Total <*> <*> <*> used 0.00 <*>,2
16e36473,[instance 4a903015-9dfa-43a8-bcc0-50e78262364c] Took <*> seconds to <*>,4
b8949d1e,[instance 823a5c5c-7b22-4377-a7a1-d775040907c4] <*>,8
6d0a7e5b,[instance 823a5c5c-7b22-4377-a7a1-d775040907c4] Total <*> <*> <*> used 0.00 <*>,2
03b8802f,[instance 823a5c5c-7b22-4377-a7a1-d775040907c4] Took <*> seconds to <*>,4
be07ee2e,[instance 13303fd6-9be4-4084-9a14-60b9070a1071] <*>,8
0ea1f3b6,[instance 13303fd6-9be4-4084-9a14-60b9070a1071] Total <*> <*> <*> used 0.00 <*>,2
c98c9666,[instance 13303fd6-9be4-4084-9a14-60b9070a1071] Took <*> seconds to <*>,4
4e0cd270,[instance 1fd3cab1-862e-4bc6-8bde-da536983052f] <*>,8
d4420ddc,[instance 1fd3cab1-862e-4bc6-8bde-da536983052f] Total <*> <*> <*> used 0.00 <*>,2
d27b6675,[instance 1fd3cab1-862e-4bc6-8bde-da536983052f] Took <*> seconds to <*>,4
9b88fd87,[instance 678813da-f02c-4aea-9dab-e5687563007b] <*>,8
2f63d85c,[instance 678813da-f02c-4aea-9dab-e5687563007b] Total <*> <*> <*> used 0.00 <*>,2
ba971cd8,[instance 678813da-f02c-4aea-9dab-e5687563007b] Took <*> seconds to <*>,4
e1d42396,[instance 99583a33-38df-4206-8b7c-11fef4c01623] <*>,8
a24993b0,[instance 99583a33-38df-4206-8b7c-11fef4c01623] Total <*> <*> <*> used 0.00 <*>,2
49644fa1,[instance 99583a33-38df-4206-8b7c-11fef4c01623] Took <*> seconds to <*>,4
aad74fcf,[instance a6899336-f8ec-44d6-991d-3a825df41e52] <*>,8
d5123c7a,[instance a6899336-f8ec-44d6-991d-3a825df41e52] Total <*> <*> <*> used 0.00 <*>,2
08917ea8,[instance a6899336-f8ec-44d6-991d-3a825df41e52] Took <*> seconds to <*>,4
02a6b632,[instance e5850bd7-ebd5-40b5-b2da-abf6efd934e6] <*>,8
4ce3d66e,[instance e5850bd7-ebd5-40b5-b2da-abf6efd934e6] Total <*> <*> <*> used 0.00 <*>,2
dcfc4dcf,[instance e5850bd7-ebd5-40b5-b2da-abf6efd934e6] Took <*> seconds to <*>,4
a5fe5685,[instance e83f52e6-747c-4d27-b8f1-c62c8e6eff02] <*>,8
0c0ab1d7,[instance e83f52e6-747c-4d27-b8f1-c62c8e6eff02] Total <*> <*> <*> used 0.00 <*>,2
e78f3b56,[instance e83f52e6-747c-4d27-b8f1-c62c8e6eff02] Took <*> seconds to <*>,4
e190ce04,[instance 6db3c764-0670-4e69-9e2d-3c61d2ef9151] <*>,8
e2f36b35,[instance 6db3c764-0670-4e69-9e2d-3c61d2ef9151] Total <*> <*> <*> used 0.00 <*>,2
5b261de3,[instance 6db3c764-0670-4e69-9e2d-3c61d2ef9151] Took <*> seconds to <*>,4
126810b1,[instance 579478d1-23e1-4c6e-899a-f789a2c1e59b] <*>,8
d98d7644,[instance 579478d1-23e1-4c6e-899a-f789a2c1e59b] Total <*> <*> <*> used 0.00 <*>,2
6e64ae7f,[instance 579478d1-23e1-4c6e-899a-f789a2c1e59b] Took <*> seconds to <*>,4
0fdb835c,[instance 4ee2ad9d-ff1a-4e58-a053-9db8efcec0cd] <*>,8
da86bce5,[instance 4ee2ad9d-ff1a-4e58-a053-9db8efcec0cd] Total <*> <*> <*> used 0.00 <*>,2
c6a33160,[instance 4ee2ad9d-ff1a-4e58-a053-9db8efcec0cd] Took <*> seconds to <*>,4
9d26b9a4,[instance 2ba39df0-2723-4431-a4c9-b3335298f0be] <*>,8
6bf8abef,[instance 2ba39df0-2723-4431-a4c9-b3335298f0be] Total <*> <*> <*> used 0.00 <*>,2
456e83c2,[instance 2ba39df0-2723-4431-a4c9-b3335298f0be] Took <*> seconds to <*>,4
cd35b472,[instance b0140120-7447-4252-8015-4e14b22f6e8b] <*>,8
3ba38195,[instance b0140120-7447-4252-8015-4e14b22f6e8b] Total <*> <*> <*> used 0.00 <*>,2
a9e743e1,[instance b0140120-7447-4252-8015-4e14b22f6e8b] Took <*> seconds to <*>,4
949f2dbf,[instance 381cc41a-c18d-4604-be10-4721a978d62d] <*>,8
49021dd3,[instance 381cc41a-c18d-4604-be10-4721a978d62d] Total <*> <*> <*> used 0.00 <*>,2
3758833b,[instance 381cc41a-c18d-4604-be10-4721a978d62d] Took <*> seconds to <*>,4
bd8e3f8a,[instance 983f91b3-13d5-48ca-bca9-6dd146e98de7] <*>,8
a47bb698,[instance 983f91b3-13d5-48ca-bca9-6dd146e98de7] Total <*> <*> <*> used 0.00 <*>,2
1e57df99,[instance 983f91b3-13d5-48ca-bca9-6dd146e98de7] Took <*> seconds to <*>,4
7ff2bfd7,[instance 293a8abc-b6b2-4c7d-97d4-65ffe15167fe] <*>,8
d2d181ed,[instance 293a8abc-b6b2-4c7d-97d4-65ffe15167fe] Total <*> <*> <*> used 0.00 <*>,2
0aab7653,[instance 293a8abc-b6b2-4c7d-97d4-65ffe15167fe] Took <*> seconds to <*>,4
4ce9b35f,[instance d6a258a5-9c6a-48cc-b4d7-d40be6738049] <*>,8
4396bfc8,[instance d6a258a5-9c6a-48cc-b4d7-d40be6738049] Total <*> <*> <*> used 0.00 <*>,2
42cdaf67,[instance d6a258a5-9c6a-48cc-b4d7-d40be6738049] Took <*> seconds to <*>,4
7f146908,[instance 0b058ca8-a3b0-444c-bb6e-c8eb1b7a71b7] <*>,8
da9ad15e,[instance 0b058ca8-a3b0-444c-bb6e-c8eb1b7a71b7] Total <*> <*> <*> used 0.00 <*>,2
f5244336,[instance 0b058ca8-a3b0-444c-bb6e-c8eb1b7a71b7] Took <*> seconds to <*>,4
37c8c77b,[instance 43604db1-75f1-45f7-82d1-b93a9be4538a] <*>,8
67cdfcb4,[instance 43604db1-75f1-45f7-82d1-b93a9be4538a] Total <*> <*> <*> used 0.00 <*>,2
b0c6bf4a,[instance 43604db1-75f1-45f7-82d1-b93a9be4538a] Took <*> seconds to <*>,4
bfd4e5a0,[instance a6c5e900-d575-4447-a815-3e156c84aa90] <*>,8
ab1ae09c,[instance a6c5e900-d575-4447-a815-3e156c84aa90] Total <*> <*> <*> used 0.00 <*>,2
0c410190,[instance a6c5e900-d575-4447-a815-3e156c84aa90] Took <*> seconds to <*>,4
c80ef1fd,[instance e9a1c8fd-34e6-4dc3-8a80-cec85ffdf62e] <*>,8
ab440dda,[instance e9a1c8fd-34e6-4dc3-8a80-cec85ffdf62e] Total <*> <*> <*> used 0.00 <*>,2
a43b0cd0,[instance e9a1c8fd-34e6-4dc3-8a80-cec85ffdf62e] Took <*> seconds to <*>,4
a2ef8188,[instance f3253bb8-9a74-431d-8b5c-317caec23c3a] <*>,8
70f67311,[instance f3253bb8-9a74-431d-8b5c-317caec23c3a] Total <*> <*> <*> used 0.00 <*>,2
46c822bc,[instance f3253bb8-9a74-431d-8b5c-317caec23c3a] Took <*> seconds to <*>,4
7af4825a,[instance edbdf46f-f748-42a1-923f-14a30cfe6ffe] <*>,8
1774edcf,[instance edbdf46f-f748-42a1-923f-14a30cfe6ffe] Total <*> <*> <*> used 0.00 <*>,2
dd97054d,[instance edbdf46f-f748-42a1-923f-14a30cfe6ffe] Took <*> seconds to <*>,4
26d56e87,[instance 97662f78-a904-4fe3-88eb-2f96d2e74fc4] <*>,8
821e7857,[instance 97662f78-a904-4fe3-88eb-2f96d2e74fc4] Total <*> <*> <*> used 0.00 <*>,2
5b6c6269,[instance 97662f78-a904-4fe3-88eb-2f96d2e74fc4] Took <*> seconds to <*>,4
c93cc520,[instance 11725358-1898-4443-98db-4ee5642f9f9e] <*>,8
37fc117f,[instance 11725358-1898-4443-98db-4ee5642f9f9e] Total <*> <*> <*> used 0.00 <*>,2
27edff39,[instance 11725358-1898-4443-98db-4ee5642f9f9e] Took <*> seconds to <*>,4
f0e877bd,[instance a1541bc9-921f-40be-b524-3bb60e25abf6] <*>,8
1c8becb8,[instance a1541bc9-921f-40be-b524-3bb60e25abf6] Total <*> <*> <*> used 0.00 <*>,2
1d0c6b80,[instance a1541bc9-921f-40be-b524-3bb60e25abf6] Took <*> seconds to <*>,4
8ee5a8db,[instance b3306d6a-02f7-42c2-94d4-21b7e08391ee] <*>,8
576358da,[instance b3306d6a-02f7-42c2-94d4-21b7e08391ee] Total <*> <*> <*> used 0.00 <*>,2
b8cfba7e,[instance b3306d6a-02f7-42c2-94d4-21b7e08391ee] Took <*> seconds to <*>,4
5fff248a,[instance db03eac2-0e34-406b-82d8-b373515d81f9] <*>,8
f966098c,[instance db03eac2-0e34-406b-82d8-b373515d81f9] Total <*> <*> <*> used 0.00 <*>,2
9f14a3fc,[instance db03eac2-0e34-406b-82d8-b373515d81f9] Took <*> seconds to <*>,4
e60be51e,[instance f7f60458-4e48-4ce1-b3f0-8fcd7f619c0a] <*>,8
aeea02a4,[instance f7f60458-4e48-4ce1-b3f0-8fcd7f619c0a] Total <*> <*> <*> used 0.00 <*>,2
63f87acb,[instance f7f60458-4e48-4ce1-b3f0-8fcd7f619c0a] Took <*> seconds to <*>,4
8672d682,[instance 67089a83-23da-4a1f-9dfa-b0aaf6ecc80f] <*>,8
7556d034,[instance 67089a83-23da-4a1f-9dfa-b0aaf6ecc80f] Total <*> <*> <*> used 0.00 <*>,2
53fcd027,[instance 67089a83-23da-4a1f-9dfa-b0aaf6ecc80f] Took <*> seconds to <*>,4
8f04b0cc,[instance 8b9da7b6-3469-4443-9fa4-de62b3c2b1d9] <*>,8
bbda65df,[instance 8b9da7b6-3469-4443-9fa4-de62b3c2b1d9] Total <*> <*> <*> used 0.00 <*>,2
d340371e,[instance 8b9da7b6-3469-4443-9fa4-de62b3c2b1d9] Took <*> seconds to <*>,4
ea7f7d0f,[instance a6ed3435-01c1-412a-93b6-2e431429c21a] <*>,8
0edc08dd,[instance a6ed3435-01c1-412a-93b6-2e431429c21a] Total <*> <*> <*> used 0.00 <*>,2
06921698,[instance a6ed3435-01c1-412a-93b6-2e431429c21a] Took <*> seconds to <*>,4
cd75eac1,[instance 21354a9e-a5b1-4412-a444-27374721659b] <*>,8
32c82687,[instance 21354a9e-a5b1-4412-a444-27374721659b] Total <*> <*> <*> used 0.00 <*>,2
892562f4,[instance 21354a9e-a5b1-4412-a444-27374721659b] Took <*> seconds to <*>,4
f7a0ee3b,[instance 299b4572-c29a-45fb-b7df-824666bde03d] <*>,8
cde10fff,[instance 299b4572-c29a-45fb-b7df-824666bde03d] Total <*> <*> <*> used 0.00 <*>,2
e04e1bd0,[instance 299b4572-c29a-45fb-b7df-824666bde03d] Took <*> seconds to <*>,4
e56e1105,[instance 63036434-8b9a-4a24-999d-540f51a7b43e] <*>,8
fa383138,[instance 63036434-8b9a-4a24-999d-540f51a7b43e] Total <*> <*> <*> used 0.00 <*>,2
83572f53,[instance 63036434-8b9a-4a24-999d-540f51a7b43e] Took <*> seconds to <*>,4
1d61b518,[instance daf33c72-1589-403d-a5f9-fc685d7a1f72] <*>,8
cea8ae23,[instance daf33c72-1589-403d-a5f9-fc685d7a1f72] Total <*> <*> <*> used 0.00 <*>,2
1cf950ea,[instance daf33c72-1589-403d-a5f9-fc685d7a1f72] Took <*> seconds to <*>,4
1f6f2976,[instance 0ca7d195-0715-4c5c-a603-04fa1cf2fc83] <*>,8
3fe8bcd3,[instance 0ca7d195-0715-4c5c-a603-04fa1cf2fc83] Total <*> <*> <*> used 0.00 <*>,2
ef27d0c8,[instance 0ca7d195-0715-4c5c-a603-04fa1cf2fc83] Took <*> seconds to <*>,4
721e53cc,[instance daaa2970-89ba-4330-8e5b-774c6d636570] <*>,8
51129ebc,[instance daaa2970-89ba-4330-8e5b-774c6d636570] Total <*> <*> <*> used 0.00 <*>,2
6636ac92,[instance daaa2970-89ba-4330-8e5b-774c6d636570] Took <*> seconds to <*>,4
8dcc3e64,[instance 05aab6c8-0298-43a3-b439-102d389a632d] <*>,8
82a2f665,[instance 05aab6c8-0298-43a3-b439-102d389a632d] Total <*> <*> <*> used 0.00 <*>,2
ce89378b,[instance 05aab6c8-0298-43a3-b439-102d389a632d] Took <*> seconds to <*>,4
ed25876b,[instance f03f6011-4901-450a-88d3-425f9398221a] <*>,8
1e1e8c50,[instance f03f6011-4901-450a-88d3-425f9398221a] Total <*> <*> <*> used 0.00 <*>,2
4cbc0dfa,[instance f03f6011-4901-450a-88d3-425f9398221a] Took <*> seconds to <*>,4
b30f5052,[instance 44fa8023-5aa1-469d-a533-73da7a35418c] <*>,8
b3acc578,[instance 44fa8023-5aa1-469d-a533-73da7a35418c] Total <*> <*> <*> used 0.00 <*>,2
9983e6b2,[instance 44fa8023-5aa1-469d-a533-73da7a35418c] Took <*> seconds to <*>,4
cc3fe98e,[instance 8ebf0386-a998-4164-ba52-1cef1209ec15] <*>,8
806d87b6,[instance 8ebf0386-a998-4164-ba52-1cef1209ec15] Total <*> <*> <*> used 0.00 <*>,2
20cc029e,[instance 8ebf0386-a998-4164-ba52-1cef1209ec15] Took <*> seconds to <*>,4
11a39180,[instance 9c9c9fd8-bef9-4fb4-835f-6be8ba1d20b9] <*>,8
b182e5dd,[instance 9c9c9fd8-bef9-4fb4-835f-6be8ba1d20b9] Total <*> <*> <*> used 0.00 <*>,2
1c77d13b,[instance 9c9c9fd8-bef9-4fb4-835f-6be8ba1d20b9] Took <*> seconds to <*>,4
7eb0b1a3,[instance 46a7d0ed-379a-49c2-abc6-b1c75601bfe9] <*>,8
e10c6e2d,[instance 46a7d0ed-379a-49c2-abc6-b1c75601bfe9] Total <*> <*> <*> used 0.00 <*>,2
7717c48c,[instance 46a7d0ed-379a-49c2-abc6-b1c75601bfe9] Took <*> seconds to <*>,4
0da036ed,[instance df35feb8-79e3-4c60-af8e-85bb278e2076] <*>,8
ca25d194,[instance df35feb8-79e3-4c60-af8e-85bb278e2076] Total <*> <*> <*> used 0.00 <*>,2
7854eae4,[instance df35feb8-79e3-4c60-af8e-85bb278e2076] Took <*> seconds to <*>,4
6875bbbe,[instance 664224b3-5fe7-4d94-880a-3b39285b1f90] <*>,8
c33f117b,[instance 664224b3-5fe7-4d94-880a-3b39285b1f90] Total <*> <*> <*> used 0.00 <*>,2
8d43962b,[instance 664224b3-5fe7-4d94-880a-3b39285b1f90] Took <*> seconds to <*>,4
fa6d9ebf,[instance cf03987c-f2cd-44ce-b877-7151b9929bcd] <*>,8
0e52e778,[instance cf03987c-f2cd-44ce-b877-7151b9929bcd] Total <*> <*> <*> used 0.00 <*>,2
0e92910e,[instance cf03987c-f2cd-44ce-b877-7151b9929bcd] Took <*> seconds to <*>,4
9826a0ac,[instance 09d0f62d-7fe1-4cfa-9fde-41b9e9cd3c23] <*>,8
e5e8f633,[instance 09d0f62d-7fe1-4cfa-9fde-41b9e9cd3c23] Total <*> <*> <*> used 0.00 <*>,2
63199da0,[instance 09d0f62d-7fe1-4cfa-9fde-41b9e9cd3c23] Took <*> seconds to <*>,4
081b2203,[instance 0ab0fcd4-1a88-46f1-b007-e0e07b9399a3] <*>,8
976a6259,[instance 0ab0fcd4-1a88-46f1-b007-e0e07b9399a3] Total <*> <*> <*> used 0.00 <*>,2
7e0f8edc,[instance 0ab0fcd4-1a88-46f1-b007-e0e07b9399a3] Took <*> seconds to <*>,4
62f33bf1,[instance 4ac5aa23-b924-453a-a0f1-85ce8bd12432] <*>,8
b44821b4,[instance 4ac5aa23-b924-453a-a0f1-85ce8bd12432] Total <*> <*> <*> used 0.00 <*>,2
57dde877,[instance 4ac5aa23-b924-453a-a0f1-85ce8bd12432] Took <*> seconds to <*>,4
ce9b3d84,[instance 04f10ff4-a5fb-4e37-b8cf-c7a6efc242f4] <*>,8
183a5dad,[instance 04f10ff4-a5fb-4e37-b8cf-c7a6efc242f4] Total <*> <*> <*> used 0.00 <*>,2
632452b0,[instance 04f10ff4-a5fb-4e37-b8cf-c7a6efc242f4] Took <*> seconds to <*>,4
61fff0d4,[instance b3718a37-1a9f-48df-89f7-8c42661ec3a8] <*>,8
8e11febb,[instance b3718a37-1a9f-48df-89f7-8c42661ec3a8] Total <*> <*> <*> used 0.00 <*>,2
ea152c22,[instance b3718a37-1a9f-48df-89f7-8c42661ec3a8] Took <*> seconds to <*>,4
29726678,[instance e128341d-b2c8-4edd-b80f-d1c70b303500] <*>,8
af01daac,[instance e128341d-b2c8-4edd-b80f-d1c70b303500] Total <*> <*> <*> used 0.00 <*>,2
9c2f9b3e,[instance e128341d-b2c8-4edd-b80f-d1c70b303500] Took <*> seconds to <*>,4
5b7b5f68,[instance 7e67a1c0-f296-458e-9e2c-1d96afdf3051] <*>,8
1936589e,[instance 7e67a1c0-f296-458e-9e2c-1d96afdf3051] Total <*> <*> <*> used 0.00 <*>,2
0d3693eb,[instance 7e67a1c0-f296-458e-9e2c-1d96afdf3051] Took <*> seconds to <*>,4
8dd68713,[instance 4a968ed4-bc85-4ef5-83b2-cba5060bafa5] <*>,8
3296ac84,[instance 4a968ed4-bc85-4ef5-83b2-cba5060bafa5] Total <*> <*> <*> used 0.00 <*>,2
bfd6343e,[instance 4a968ed4-bc85-4ef5-83b2-cba5060bafa5] Took <*> seconds to <*>,4
ab02d17e,[instance 7eb500e0-477a-4997-b827-d28ab286cf0c] <*>,8
17a91707,[instance 7eb500e0-477a-4997-b827-d28ab286cf0c] Total <*> <*> <*> used 0.00 <*>,2
d2cca97b,[instance 7eb500e0-477a-4997-b827-d28ab286cf0c] Took <*> seconds to <*>,4
a80eaaa1,[instance 04f61cf7-b995-4632-88a7-8b2b56305fb7] <*>,8
c43cd737,[instance 04f61cf7-b995-4632-88a7-8b2b56305fb7] Total <*> <*> <*> used 0.00 <*>,2
367ccd4e,[instance 04f61cf7-b995-4632-88a7-8b2b56305fb7] Took <*> seconds to <*>,4
1758f5b1,[instance 9a1d8c51-be5d-4a87-b59b-0be0262ec487] <*>,8
2e744047,[instance 9a1d8c51-be5d-4a87-b59b-0be0262ec487] Total <*> <*> <*> used 0.00 <*>,2
25366fb2,[instance 9a1d8c51-be5d-4a87-b59b-0be0262ec487] Took <*> seconds to <*>,4
8e989cd9,[instance 04c96eea-5666-4c95-bc33-bebd1c0d2f39] <*>,8
2807b733,[instance 04c96eea-5666-4c95-bc33-bebd1c0d2f39] Total <*> <*> <*> used 0.00 <*>,2
3745f9fc,[instance 04c96eea-5666-4c95-bc33-bebd1c0d2f39] Took <*> seconds to <*>,4
37726fc2,[instance 611f95d7-dfa2-4587-92a9-203cf70db960] <*>,8
bb6d69bf,[instance 611f95d7-dfa2-4587-92a9-203cf70db960] Total <*> <*> <*> used 0.00 <*>,2
50749e40,[instance 611f95d7-dfa2-4587-92a9-203cf70db960] Took <*> seconds to <*>,4
76f0de2d,[instance 14fd1ce7-ad9d-432f-89e2-ca36119aa284] <*>,8
0644f1f9,[instance 14fd1ce7-ad9d-432f-89e2-ca36119aa284] Total <*> <*> <*> used 0.00 <*>,2
cb9f17af,[instance 14fd1ce7-ad9d-432f-89e2-ca36119aa284] Took <*> seconds to <*>,4
dc483026,[instance f0668cd4-e78a-4fa9-9724-094e385c6dbb] <*>,8
64ff4f2a,[instance f0668cd4-e78a-4fa9-9724-094e385c6dbb] Total <*> <*> <*> used 0.00 <*>,2
8c5d8554,[instance f0668cd4-e78a-4fa9-9724-094e385c6dbb] Took <*> seconds to <*>,4
af5de0d7,[instance d10bdaf5-08a2-4dee-8535-86a9fc013c0d] <*>,8
d094fc44,[instance d10bdaf5-08a2-4dee-8535-86a9fc013c0d] Total <*> <*> <*> used 0.00 <*>,2
cdaab29f,[instance d10bdaf5-08a2-4dee-8535-86a9fc013c0d] Took <*> seconds to <*>,4
b3d71fab,[instance f15c5e04-169c-4484-8041-c4d4d86a7d2b] <*>,8
07726991,[instance f15c5e04-169c-4484-8041-c4d4d86a7d2b] Total <*> <*> <*> used 0.00 <*>,2
913c2bb1,[instance f15c5e04-169c-4484-8041-c4d4d86a7d2b] Took <*> seconds to <*>,4
3bcda2ce,[instance 58da1c37-c65a-4240-8ad8-9223470084f1] <*>,8
7cce6b28,[instance 58da1c37-c65a-4240-8ad8-9223470084f1] Total <*> <*> <*> used 0.00 <*>,2
8ca6769c,[instance 58da1c37-c65a-4240-8ad8-9223470084f1] Took <*> seconds to <*>,4
02bae28a,[instance 9c06017f-fd04-47f4-9c83-7bf35b6d5e9b] <*>,8
b84c726e,[instance 9c06017f-fd04-47f4-9c83-7bf35b6d5e9b] Total <*> <*> <*> used 0.00 <*>,2
40499680,[instance 9c06017f-fd04-47f4-9c83-7bf35b6d5e9b] Took <*> seconds to <*>,4
f03e43a8,[instance 322a408a-1634-4800-b3d5-b62e7a9cc2ab] <*>,8
cb1ffb7b,[instance 322a408a-1634-4800-b3d5-b62e7a9cc2ab] Total <*> <*> <*> used 0.00 <*>,2
876260e3,[instance 322a408a-1634-4800-b3d5-b62e7a9cc2ab] Took <*> seconds to <*>,4
7089c942,[instance 2f2fbbd9-db59-48c9-9119-91edfffd04c0] <*>,8
295b5c06,[instance 2f2fbbd9-db59-48c9-9119-91edfffd04c0] Total <*> <*> <*> used 0.00 <*>,2
06569c71,[instance 2f2fbbd9-db59-48c9-9119-91edfffd04c0] Took <*> seconds to <*>,4
f7851671,[instance 95bcbad0-0f31-4cfe-a4cb-c41a24c03d87] <*>,8
c8c4fcb4,[instance 95bcbad0-0f31-4cfe-a4cb-c41a24c03d87] Total <*> <*> <*> used 0.00 <*>,2
5c010414,[instance 95bcbad0-0f31-4cfe-a4cb-c41a24c03d87] Took <*> seconds to <*>,4
3c3bc4fa,[instance d7c7b763-9427-47d2-ace3-08035a001514] <*>,8
e6773380,[instance d7c7b763-9427-47d2-ace3-08035a001514] Total <*> <*> <*> used 0.00 <*>,2
9e13b5a9,[instance d7c7b763-9427-47d2-ace3-08035a001514] Took <*> seconds to <*>,4
797c227b,[instance 544fd51c-4edc-4780-baae-ba1d80a0acfc] <*>,8
43909fd2,[instance 544fd51c-4edc-4780-baae-ba1d80a0acfc] Total <*> <*> <*> used 0.00 <*>,2
b8633dc8,[instance 544fd51c-4edc-4780-baae-ba1d80a0acfc] Took <*> seconds to <*>,4
06aadb8a,[instance ae651dff-c7ad-43d6-ac96-bbcd820ccca8] <*>,8
ddf9d161,[instance ae651dff-c7ad-43d6-ac96-bbcd820ccca8] Total <*> <*> <*> used 0.00 <*>,2
e761e4d1,[instance ae651dff-c7ad-43d6-ac96-bbcd820ccca8] Took <*> seconds to <*>,4
9d771764,[instance 90b447c2-73bd-49fd-bf8c-358c7e16db84] <*>,8
5b56a076,[instance 90b447c2-73bd-49fd-bf8c-358c7e16db84] Total <*> <*> <*> used 0.00 <*>,2
5692c6b8,[instance 90b447c2-73bd-49fd-bf8c-358c7e16db84] Took <*> seconds to <*>,4
7403b41d,[instance 56abb95b-c1e8-4e00-a172-31ccd11bbb46] <*>,8
6362a38f,[instance 56abb95b-c1e8-4e00-a172-31ccd11bbb46] Total <*> <*> <*> used 0.00 <*>,2
e7bd818b,[instance 56abb95b-c1e8-4e00-a172-31ccd11bbb46] Took <*> seconds to <*>,4
776c8c46,[instance 620fe77d-bd27-4f1c-af47-0e09596b3fa3] <*>,8
b292a23f,[instance 620fe77d-bd27-4f1c-af47-0e09596b3fa3] Total <*> <*> <*> used 0.00 <*>,2
9fd8bd82,[instance 620fe77d-bd27-4f1c-af47-0e09596b3fa3] Took <*> seconds to <*>,4
1eed23e4,[instance f49bf478-6840-49bc-9d59-80cb8066e190] <*>,8
eec3a7f1,[instance f49bf478-6840-49bc-9d59-80cb8066e190] Total <*> <*> <*> used 0.00 <*>,2
9361d54f,[instance f49bf478-6840-49bc-9d59-80cb8066e190] Took <*> seconds to <*>,4
d2fb4484,[instance 3767ce86-aa8a-4339-b38f-e4c3d166a4f9] <*>,8
0d450b28,[instance 3767ce86-aa8a-4339-b38f-e4c3d166a4f9] Total <*> <*> <*> used 0.00 <*>,2
f79dfbb1,[instance 3767ce86-aa8a-4339-b38f-e4c3d166a4f9] Took <*> seconds to <*>,4
42c1d166,[instance 9a99a4d5-4276-47ae-be46-04130b669f84] <*>,8
6fff8c3e,[instance 9a99a4d5-4276-47ae-be46-04130b669f84] Total <*> <*> <*> used 0.00 <*>,2
99cbbb52,[instance 9a99a4d5-4276-47ae-be46-04130b669f84] Took <*> seconds to <*>,4
24f67fcd,[instance 8e7e780d-6e6f-4344-96e8-06baf256211d] <*>,8
9aa8767d,[instance 8e7e780d-6e6f-4344-96e8-06baf256211d] Total <*> <*> <*> used 0.00 <*>,2
941bc4f8,[instance 8e7e780d-6e6f-4344-96e8-06baf256211d] Took <*> seconds to <*>,4
17504f2c,[instance 96d9b9d1-5b9b-47f4-a693-f752a845c2db] <*>,8
833cb285,[instance 96d9b9d1-5b9b-47f4-a693-f752a845c2db] Total <*> <*> <*> used 0.00 <*>,2
980ddef6,[instance 96d9b9d1-5b9b-47f4-a693-f752a845c2db] Took <*> seconds to <*>,4
11ac5b10,[instance 5f15892f-b15b-4ad4-9097-05d02f7627a8] <*>,8
a4e98ca6,[instance 5f15892f-b15b-4ad4-9097-05d02f7627a8] Total <*> <*> <*> used 0.00 <*>,2
5bc2de1d,[instance 5f15892f-b15b-4ad4-9097-05d02f7627a8] Took <*> seconds to <*>,4
3bf98731,[instance 41e0459c-4095-4932-9e4a-f5bcaff08d23] <*>,8
1432ec79,[instance 41e0459c-4095-4932-9e4a-f5bcaff08d23] Total <*> <*> <*> used 0.00 <*>,2
9a3e4bf2,[instance 41e0459c-4095-4932-9e4a-f5bcaff08d23] Took <*> seconds to <*>,4
fa57daee,[instance bdce6493-3038-467b-af24-871c889464dc] <*>,8
4fadf9ca,[instance bdce6493-3038-467b-af24-871c889464dc] Total <*> <*> <*> used 0.00 <*>,2
88f79445,[instance bdce6493-3038-467b-af24-871c889464dc] Took <*> seconds to <*>,4
f2f4932e,[instance c26c0da7-5b1f-4b2c-8286-a152d69a449a] <*>,8
3a7e51da,[instance c26c0da7-5b1f-4b2c-8286-a152d69a449a] Total <*> <*> <*> used 0.00 <*>,2
eeb77dd2,[instance c26c0da7-5b1f-4b2c-8286-a152d69a449a] Took <*> seconds to <*>,4
1d390cc1,[instance 657e9e59-0d1a-4043-b413-5f8912e6fecb] <*>,8
64c1451c,[instance 657e9e59-0d1a-4043-b413-5f8912e6fecb] Total <*> <*> <*> used 0.00 <*>,2
e2f897ae,[instance 657e9e59-0d1a-4043-b413-5f8912e6fecb] Took <*> seconds to <*>,4
d985ac0a,[instance aa47a63c-6ec2-40ff-a523-ed316c2f59b1] <*>,8
482e6a04,[instance aa47a63c-6ec2-40ff-a523-ed316c2f59b1] Total <*> <*> <*> used 0.00 <*>,2
723c05eb,[instance aa47a63c-6ec2-40ff-a523-ed316c2f59b1] Took <*> seconds to <*>,4
dd6348a7,[instance 7cf01089-eb76-48c5-a272-6ccad4ff738d] <*>,8
a1b62161,[instance 7cf01089-eb76-48c5-a272-6ccad4ff738d] Total <*> <*> <*> used 0.00 <*>,2
5f6beecb,[instance 7cf01089-eb76-48c5-a272-6ccad4ff738d] Took <*> seconds to <*>,4
5a60df2f,[instance f8fc6ae0-8f80-40f0-8fda-61240a221847] <*>,8
76d0c143,[instance f8fc6ae0-8f80-40f0-8fda-61240a221847] Total <*> <*> <*> used 0.00 <*>,2
f79b54fb,[instance f8fc6ae0-8f80-40f0-8fda-61240a221847] Took <*> seconds to <*>,4
be71eae4,[instance b7ceef8b-1ee8-480d-92fe-fc6336a421e4] <*>,8
4b743574,[instance b7ceef8b-1ee8-480d-92fe-fc6336a421e4] Total <*> <*> <*> used 0.00 <*>,2
b8cb6d04,[instance b7ceef8b-1ee8-480d-92fe-fc6336a421e4] Took <*> seconds to <*>,4
4b95fd5b,[instance f7d838e7-64de-430b-9201-1727d4370d0d] <*>,8
7a0ea268,[instance f7d838e7-64de-430b-9201-1727d4370d0d] Total <*> <*> <*> used 0.00 <*>,2
f626bdeb,[instance f7d838e7-64de-430b-9201-1727d4370d0d] Took <*> seconds to <*>,4
f4d20903,[instance 48ebb1a4-59bf-4958-a6e8-99cedc1904fb] <*>,8
3bc295e3,[instance 48ebb1a4-59bf-4958-a6e8-99cedc1904fb] Total <*> <*> <*> used 0.00 <*>,2
b258d351,[instance 48ebb1a4-59bf-4958-a6e8-99cedc1904fb] Took <*> seconds to <*>,4
775cfa89,[instance 500cf780-a46a-416e-b61d-6be88bfe48eb] <*>,8
0ef0216b,[instance 500cf780-a46a-416e-b61d-6be88bfe48eb] Total <*> <*> <*> used 0.00 <*>,2
60269730,[instance 500cf780-a46a-416e-b61d-6be88bfe48eb] Took <*> seconds to <*>,4
58231a72,[instance ce6a597a-f627-437f-bb1f-dfd3170c1634] <*>,8
a295b9d1,[instance ce6a597a-f627-437f-bb1f-dfd3170c1634] Total <*> <*> <*> used 0.00 <*>,2
b5827b0b,[instance ce6a597a-f627-437f-bb1f-dfd3170c1634] Took <*> seconds to <*>,4
5d3b8000,[instance 6765b529-ee7d-46df-8264-d9a5b306f2eb] <*>,8
29d71787,[instance 6765b529-ee7d-46df-8264-d9a5b306f2eb] Total <*> <*> <*> used 0.00 <*>,2
42423206,[instance 6765b529-ee7d-46df-8264-d9a5b306f2eb] Took <*> seconds to <*>,4
9637200e,[instance 32546cbe-eed6-49e5-8f00-52a865a79a1e] <*>,8
4c080803,[instance 32546cbe-eed6-49e5-8f00-52a865a79a1e] Total <*> <*> <*> used 0.00 <*>,2
e3bf0d50,[instance 32546cbe-eed6-49e5-8f00-52a865a79a1e] Took <*> seconds to <*>,4
34d916f5,[instance 67b8547d-ec40-4a9f-a264-5dcb7af6de7e] <*>,8
a9b42c10,[instance 67b8547d-ec40-4a9f-a264-5dcb7af6de7e] Total <*> <*> <*> used 0.00 <*>,2
bff8a467,[instance 67b8547d-ec40-4a9f-a264-5dcb7af6de7e] Took <*> seconds to <*>,4
1e9eaf6f,[instance 20edf3a0-83c4-4769-8266-03fce86b4df0] <*>,8
30b05f2b,[instance 20edf3a0-83c4-4769-8266-03fce86b4df0] Total <*> <*> <*> used 0.00 <*>,2
b56b9417,[instance 20edf3a0-83c4-4769-8266-03fce86b4df0] Took <*> seconds to <*>,4
83c0cd23,[instance 04fbe775-607f-4727-a598-3983b58a5f18] <*>,8
79866c74,[instance 04fbe775-607f-4727-a598-3983b58a5f18] Total <*> <*> <*> used 0.00 <*>,2
ea7f6d4f,[instance 04fbe775-607f-4727-a598-3983b58a5f18] Took <*> seconds to <*>,4
c8c6d510,[instance 112d1263-e418-471a-ae30-75c310d3b844] <*>,8
1e519996,[instance 112d1263-e418-471a-ae30-75c310d3b844] Total <*> <*> <*> used 0.00 <*>,2
a727c5ba,[instance 112d1263-e418-471a-ae30-75c310d3b844] Took <*> seconds to <*>,4
73f2cde0,[instance 02035442-2009-4937-8942-ffb4ffd2d8ac] <*>,8
8457fdea,[instance 02035442-2009-4937-8942-ffb4ffd2d8ac] Total <*> <*> <*> used 0.00 <*>,2
265ac308,[instance 02035442-2009-4937-8942-ffb4ffd2d8ac] Took <*> seconds to <*>,4
e74de9ba,[instance b7e1f95e-76ca-47ef-9167-029a982e8afb] <*>,8
6c4ed827,[instance b7e1f95e-76ca-47ef-9167-029a982e8afb] Total <*> <*> <*> used 0.00 <*>,2
81370272,[instance b7e1f95e-76ca-47ef-9167-029a982e8afb] Took <*> seconds to <*>,4
3fbee467,[instance 25415e12-e0a9-4ee1-b5d2-0e6f0165b4f2] <*>,8
8831a4fc,[instance 25415e12-e0a9-4ee1-b5d2-0e6f0165b4f2] Total <*> <*> <*> used 0.00 <*>,2
f034cfc9,[instance 25415e12-e0a9-4ee1-b5d2-0e6f0165b4f2] Took <*> seconds to <*>,4
ada23f1b,[instance f8fc0d46-61e8-46d6-aac1-14b90d0db6ea] <*>,8
afbe6196,[instance f8fc0d46-61e8-46d6-aac1-14b90d0db6ea] Total <*> <*> <*> used 0.00 <*>,2
8752b420,[instance f8fc0d46-61e8-46d6-aac1-14b90d0db6ea] Took <*> seconds to <*>,4
d5b57333,[instance 0ec63168-2016-4294-ab6d-4100b6a848aa] <*>,8
9c92f66c,[instance 0ec63168-2016-4294-ab6d-4100b6a848aa] Total <*> <*> <*> used 0.00 <*>,2
b8776c37,[instance 0ec63168-2016-4294-ab6d-4100b6a848aa] Took <*> seconds to <*>,4
8d0af3b3,[instance be67189c-fcdd-4b01-a8d0-68a0652dc0cc] <*>,8
d42bb4cb,[instance be67189c-fcdd-4b01-a8d0-68a0652dc0cc] Total <*> <*> <*> used 0.00 <*>,2
5ebbf197,[instance be67189c-fcdd-4b01-a8d0-68a0652dc0cc] Took <*> seconds to <*>,4
6437c54b,[instance 5043956c-a09d-4431-8391-452ec5582ee0] <*>,8
1ddcc84b,[instance 5043956c-a09d-4431-8391-452ec5582ee0] Total <*> <*> <*> used 0.00 <*>,2
aa2a507d,[instance 5043956c-a09d-4431-8391-452ec5582ee0] Took <*> seconds to <*>,4
f0938f60,[instance d2b9a19d-9956-4155-9d37-288f847bf160] <*>,8
8257f347,[instance d2b9a19d-9956-4155-9d37-288f847bf160] Total <*> <*> <*> used 0.00 <*>,2
31227a7d,[instance d2b9a19d-9956-4155-9d37-288f847bf160] Took <*> seconds to <*>,4
17f40129,[instance 3113fe9b-1a8f-4058-bd3d-20d6dea72bce] <*>,8
af718309,[instance 3113fe9b-1a8f-4058-bd3d-20d6dea72bce] Total <*> <*> <*> used 0.00 <*>,2
c9044ba1,[instance 3113fe9b-1a8f-4058-bd3d-20d6dea72bce] Took <*> seconds to <*>,4
84d87709,[instance a9b135ae-af39-4c74-9413-97481bc5bf1f] <*>,8
d0d3ef13,[instance a9b135ae-af39-4c74-9413-97481bc5bf1f] Total <*> <*> <*> used 0.00 <*>,2
ce2b87a9,[instance a9b135ae-af39-4c74-9413-97481bc5bf1f] Took <*> seconds to <*>,4
52dbb27c,[instance 92d87851-9700-47ce-9c7c-5d5bf7e964af] <*>,8
145c11b4,[instance 92d87851-9700-47ce-9c7c-5d5bf7e964af] Total <*> <*> <*> used 0.00 <*>,2
b45c810e,[instance 92d87851-9700-47ce-9c7c-5d5bf7e964af] Took <*> seconds to <*>,4
b2554beb,[instance 23b5dddf-28d1-40c6-90a7-719b92092fd7] <*>,8
65da1f6e,[instance 23b5dddf-28d1-40c6-90a7-719b92092fd7] Total <*> <*> <*> used 0.00 <*>,2
5c187d25,[instance 23b5dddf-28d1-40c6-90a7-719b92092fd7] Took <*> seconds to <*>,4
1dd04bb1,[instance f1d7ad04-445d-4973-a194-3526ca488c25] <*>,8
090aa9f2,[instance f1d7ad04-445d-4973-a194-3526ca488c25] Total <*> <*> <*> used 0.00 <*>,2
8d9a0fa3,[instance f1d7ad04-445d-4973-a194-3526ca488c25] Took <*> seconds to <*>,4
52a21466,[instance 79caef1b-c82f-4bf1-bb48-c83694c65c37] <*>,8
70a1273b,[instance 79caef1b-c82f-4bf1-bb48-c83694c65c37] Total <*> <*> <*> used 0.00 <*>,2
d89b9864,[instance 79caef1b-c82f-4bf1-bb48-c83694c65c37] Took <*> seconds to <*>,4
29f6ef14,[instance c20cd3d4-8761-4424-a780-4be1baa40253] <*>,8
d5c8ddec,[instance c20cd3d4-8761-4424-a780-4be1baa40253] Total <*> <*> <*> used 0.00 <*>,2
a094b8f7,[instance c20cd3d4-8761-4424-a780-4be1baa40253] Took <*> seconds to <*>,4
ff8a85b2,[instance a6120e7c-91ef-4124-8117-11945990ff6a] <*>,8
2169a8d4,[instance a6120e7c-91ef-4124-8117-11945990ff6a] Total <*> <*> <*> used 0.00 <*>,2
c8a15900,[instance a6120e7c-91ef-4124-8117-11945990ff6a] Took <*> seconds to <*>,4
0569abb2,[instance 9ee57ca0-09b9-4f2b-91d2-37ec9663e0a6] <*>,8
8f63f03a,[instance 9ee57ca0-09b9-4f2b-91d2-37ec9663e0a6] Total <*> <*> <*> used 0.00 <*>,2
f0929bf5,[instance 9ee57ca0-09b9-4f2b-91d2-37ec9663e0a6] Took <*> seconds to <*>,4
66cd8873,[instance 71e8341c-c336-46a3-a49b-589a1b627742] <*>,8
e2239705,[instance 71e8341c-c336-46a3-a49b-589a1b627742] Total <*> <*> <*> used 0.00 <*>,2
a9e789e0,[instance 71e8341c-c336-46a3-a49b-589a1b627742] Took <*> seconds to <*>,4
9fbdb94c,[instance 58b65234-5291-4d14-bc4c-e248ff1eeeee] <*>,8
5e9c0184,[instance 58b65234-5291-4d14-bc4c-e248ff1eeeee] Total <*> <*> <*> used 0.00 <*>,2
88059766,[instance 58b65234-5291-4d14-bc4c-e248ff1eeeee] Took <*> seconds to <*>,4
ab39bfd0,[instance 3fd97be2-62fc-4fb7-86d7-fc48c0c7fdd7] <*>,8
a55543f7,[instance 3fd97be2-62fc-4fb7-86d7-fc48c0c7fdd7] Total <*> <*> <*> used 0.00 <*>,2
a2d5ca7b,[instance 3fd97be2-62fc-4fb7-86d7-fc48c0c7fdd7] Took <*> seconds to <*>,4
6d1e15bd,[instance 4fc4916d-bb92-4df6-b89a-92a4dc29766f] <*>,8
c499caea,[instance 4fc4916d-bb92-4df6-b89a-92a4dc29766f] Total <*> <*> <*> used 0.00 <*>,2
ab2e5489,[instance 4fc4916d-bb92-4df6-b89a-92a4dc29766f] Took <*> seconds to <*>,4
89078d93,[instance a445709b-6ad0-40ec-8860-bec60b6ca0c2] <*>,8
037fc99e,[instance a445709b-6ad0-40ec-8860-bec60b6ca0c2] Total <*> <*> <*> used 0.00 <*>,2
352d2b30,[instance a445709b-6ad0-40ec-8860-bec60b6ca0c2] Took <*> seconds to <*>,4
3b17d62b,[instance 6bdd55a4-bfe0-45b8-86c2-3af3e994e240] <*>,8
ef7bdcf3,[instance 6bdd55a4-bfe0-45b8-86c2-3af3e994e240] Total <*> <*> <*> used 0.00 <*>,2
7d8ef1df,[instance 6bdd55a4-bfe0-45b8-86c2-3af3e994e240] Took <*> seconds to <*>,4
331bb92e,[instance d7d68893-c44f-4e7c-8d4b-0e7801d62776] <*>,8
30d12595,[instance d7d68893-c44f-4e7c-8d4b-0e7801d62776] Total <*> <*> <*> used 0.00 <*>,2
a0f26bfb,[instance d7d68893-c44f-4e7c-8d4b-0e7801d62776] Took <*> seconds to <*>,4
cbe61c4d,[instance 9f9aa39d-178d-4d17-9d1a-9632f2f33055] <*>,8
d71e40ae,[instance 9f9aa39d-178d-4d17-9d1a-9632f2f33055] Total <*> <*> <*> used 0.00 <*>,2
1b699dcb,[instance 9f9aa39d-178d-4d17-9d1a-9632f2f33055] Took <*> seconds to <*>,4
d6b5daaf,[instance b8eb50cb-28a7-4817-b5ec-33ea6c2ee36b] <*>,8
dcc47787,[instance b8eb50cb-28a7-4817-b5ec-33ea6c2ee36b] Total <*> <*> <*> used 0.00 <*>,2
f96f8997,[instance b8eb50cb-28a7-4817-b5ec-33ea6c2ee36b] Took <*> seconds to <*>,4
76819bb4,[instance 1643649d-2f42-4303-bfcd-7798baec19f9] <*>,8
f6c7a112,[instance 1643649d-2f42-4303-bfcd-7798baec19f9] Total <*> <*> <*> used 0.00 <*>,2
61cc0cbc,[instance 1643649d-2f42-4303-bfcd-7798baec19f9] Took <*> seconds to <*>,4
abc11aea,[instance b8832d33-313f-449f-beb6-cf80fa18a5dd] <*>,8
9d1241ac,[instance b8832d33-313f-449f-beb6-cf80fa18a5dd] Total <*> <*> <*> used 0.00 <*>,2
900d8609,[instance b8832d33-313f-449f-beb6-cf80fa18a5dd] Took <*> seconds to <*>,4
a091cd44,[instance 06bcdfd1-249b-46bb-9d5c-fb1553e4e341] <*>,8
d470cd2a,[instance 06bcdfd1-249b-46bb-9d5c-fb1553e4e341] Total <*> <*> <*> used 0.00 <*>,2
c1787491,[instance 06bcdfd1-249b-46bb-9d5c-fb1553e4e341] Took <*> seconds to <*>,4
58881617,[instance 1f83d124-675a-446d-9609-5f7d6ec300ff] <*>,8
a3b3a37c,[instance 1f83d124-675a-446d-9609-5f7d6ec300ff] Total <*> <*> <*> used 0.00 <*>,2
97d6878a,[instance 1f83d124-675a-446d-9609-5f7d6ec300ff] Took <*> seconds to <*>,4
042148c9,[instance a197efb3-cace-4e4f-9037-d565a8331e45] <*>,8
219b3b3f,[instance a197efb3-cace-4e4f-9037-d565a8331e45] Total <*> <*> <*> used 0.00 <*>,2
e3fab48d,[instance a197efb3-cace-4e4f-9037-d565a8331e45] Took <*> seconds to <*>,4
9915c029,[instance faa8166b-cfbd-4b24-a694-1179d0b04302] <*>,8
612bca8b,[instance faa8166b-cfbd-4b24-a694-1179d0b04302] Total <*> <*> <*> used 0.00 <*>,2
8a6dc48a,[instance faa8166b-cfbd-4b24-a694-1179d0b04302] Took <*> seconds to <*>,4
567087cd,[instance bd41cb5b-551a-4276-9d71-568a8f7b12f6] <*>,8
adf81a29,[instance bd41cb5b-551a-4276-9d71-568a8f7b12f6] Total <*> <*> <*> used 0.00 <*>,2
5683e1c4,[instance bd41cb5b-551a-4276-9d71-568a8f7b12f6] Took <*> seconds to <*>,4
6e10ac30,[instance 0c2af071-4e7b-49f0-925d-fa7ae30a9eb3] <*>,8
1b635a61,[instance 0c2af071-4e7b-49f0-925d-fa7ae30a9eb3] Total <*> <*> <*> used 0.00 <*>,2
0df72e5b,[instance 0c2af071-4e7b-49f0-925d-fa7ae30a9eb3] Took <*> seconds to <*>,4
5ae5de17,[instance e3607331-6b83-4b6c-b406-a3cc471cc461] <*>,8
8c55da17,[instance e3607331-6b83-4b6c-b406-a3cc471cc461] Total <*> <*> <*> used 0.00 <*>,2
b6f8de14,[instance e3607331-6b83-4b6c-b406-a3cc471cc461] Took <*> seconds to <*>,4
d236bf66,[instance 3881671d-6ee9-4acd-8954-06364dd1f645] <*>,8
11cc581b,[instance 3881671d-6ee9-4acd-8954-06364dd1f645] Total <*> <*> <*> used 0.00 <*>,2
80149e34,[instance 3881671d-6ee9-4acd-8954-06364dd1f645] Took <*> seconds to <*>,4
010554be,[instance 1d511f3d-c5af-4d13-a48a-ce0d56c1cbbc] <*>,8
c620b713,[instance 1d511f3d-c5af-4d13-a48a-ce0d56c1cbbc] Total <*> <*> <*> used 0.00 <*>,2
d8222edc,[instance 1d511f3d-c5af-4d13-a48a-ce0d56c1cbbc] Took <*> seconds to <*>,4
ae9a3e39,[instance a1bd5ca3-5be7-49aa-baea-066d58fd97ac] <*>,8
5d18630e,[instance a1bd5ca3-5be7-49aa-baea-066d58fd97ac] Total <*> <*> <*> used 0.00 <*>,2
c1cee84e,[instance a1bd5ca3-5be7-49aa-baea-066d58fd97ac] Took <*> seconds to <*>,4
c3cdab1a,[instance a4942a03-b710-4ad0-89a1-ad0596a72eb7] <*>,8
c48f6c1e,[instance a4942a03-b710-4ad0-89a1-ad0596a72eb7] Total <*> <*> <*> used 0.00 <*>,2
5649e0a6,[instance a4942a03-b710-4ad0-89a1-ad0596a72eb7] Took <*> seconds to <*>,4
32ad4d2f,[instance 5b98ace2-4126-46c3-a43e-1e1d879f0a8f] <*>,4
d5953779,[instance 5b98ace2-4126-46c3-a43e-1e1d879f0a8f] Total <*> <*> <*> used 0.00 <*>,2
e67e53ba,[instance 5b98ace2-4126-46c3-a43e-1e1d879f0a8f] Took <*> seconds to <*>,2
